,Time (s),Range (mm),Range Avg 3 (mm),Range Avg 5 (mm),Range Avg 8 (mm),Range Avg 10 (mm),Lumens (0dB),Velocity (mm/s),Velocity Avg 3 (mm/s),Velocity Avg 10 (mm/s),Velocity Avg 3 Manual (mm/s)
0,0.58,44,,,,,20.48,-6.451612903225805,,,
1,0.89,42,,,,,20.48,8.17423743691026,,,
2,1.07,45,43.666666666666664,,,,20.74,11.97916666666672,,,
3,1.71,42,43.0,,,,20.86,9.0625,3.1249999999999716,,-1.0416666666666632
4,1.87,44,43.666666666666664,43.4,,,20.8,-0.8333333333333428,-1.4247311827957105,,4.166666666666648
5,2.02,42,42.666666666666664,43.0,,,20.8,-3.3333333333333144,-2.2222222222222,,-6.6666666666666705
6,2.17,43,43.0,43.2,,,20.8,3.333333333333343,0.0,,2.222222222222239
7,2.32,43,42.666666666666664,42.8,43.125,,20.8,1.4210854715202004e-14,-0.2614379084967311,,-2.222222222222239
8,2.49,43,43.0,43.0,43.0,,20.67,-3.541666666666657,-0.2614379084967595,,1.9607843137254999
9,2.64,42,42.666666666666664,42.6,43.0,43.0,20.74,0.0,-1.1111111111111427,,-2.222222222222239
10,2.79,43,42.666666666666664,42.8,42.75,42.9,20.74,3.333333333333343,0.0,0.0,0.0
11,2.94,43,42.666666666666664,42.8,42.875,43.0,20.8,2.842170943040401e-14,1.008064516129025,-0.26075268817203323,0.0
12,3.1,43,43.0,42.8,42.75,42.8,20.86,-10.32258064516131,-2.4327956989247355,-1.2930107526881898,2.0833333333333464
13,3.25,40,42.0,42.2,42.5,42.6,20.86,-1.25,-3.4408602150537604,-0.9905913978494709,-6.6666666666666705
14,3.41,43,42.0,42.4,42.5,42.5,20.8,15.3631907308378,1.9013666072489457,0.5336452762923187,0.0
15,3.58,45,42.666666666666664,42.8,42.75,42.8,20.54,5.704099821746894,7.267528223410579,1.4995543672014264,3.9215686274509682
16,3.74,45,44.333333333333336,43.2,43.0,43.0,20.61,-3.125,6.249999999999972,0.9375000000000284,10.416666666666687
17,3.9,44,44.666666666666664,43.4,43.25,43.1,20.8,0.0,1.0416666666666288,0.9374999999999716,2.0833333333333077
18,4.06,45,44.666666666666664,44.4,43.5,43.3,20.74,-2.48440285204984,-1.9013666072489315,0.9291443850267314,0.0
19,4.23,43,44.0,44.4,43.5,43.4,20.99,-1.9730392156861853,-1.8382352941176237,0.6299019607843377,-3.921568627450948
20,4.38,44,44.0,44.2,43.625,43.5,20.93,0.4166666666666856,-2.01612903225805,0.34408602150537604,0.0
21,4.54,43,43.333333333333336,43.8,44.0,43.5,20.93,-6.465053763440864,-3.163082437275989,-0.34408602150537604,-4.166666666666648
22,4.69,42,43.0,43.4,43.875,43.4,20.93,-3.333333333333286,-3.3333333333333144,0.33333333333337123,-2.2222222222222325
23,4.84,42,42.333333333333336,42.8,43.5,43.6,20.99,5.514705882352928,-1.4419934640523024,0.9840686274510091,-4.444444444444445
24,5.01,44,42.666666666666664,43.0,43.375,43.7,20.8,1.973039215686299,2.099673202614383,-0.43259803921569073,1.9607843137254632
25,5.16,43,43.0,42.8,43.25,43.5,20.8,5.684341886080802e-14,3.3333333333333712,-0.9999999999999716,2.2222222222222325
26,5.31,44,43.666666666666664,43.0,43.125,43.4,20.8,-5.631720430107478,-0.7302867383512535,-1.2513440860215326,4.444444444444445
27,5.47,41,42.666666666666664,42.8,42.875,43.1,20.8,-9.909420289855092,-4.076086956521749,-1.454710144927553,-6.249999999999995
28,5.77,43,42.666666666666664,43.0,42.75,42.9,20.8,5.065681444991796,0.0,-0.13711001642036535,0.0
29,6.05,44,42.666666666666664,43.0,42.875,43.0,19.9,5.586932447397572,5.788113695090459,0.5586932447397714,0.0
30,6.2,45,44.0,43.4,43.25,43.1,17.92,-0.9184726522188384,4.967320261437877,0.37254901960784537,8.888888888888884
31,6.39,43,44.0,43.2,43.375,43.1,17.66,-8.584568216658171,-0.0732008013561316,0.021960240406857068,0.0
32,7.23,43,43.666666666666664,43.6,43.25,43.2,20.1,8.58456821665817,-0.07320080135613694,1.3096454729055438,-0.3968253968253993
33,7.42,45,43.666666666666664,44.0,43.5,43.5,20.1,-1.2593984962405642,-0.7539682539682389,0.37656641604007746,0.0
34,7.63,42,43.333333333333336,43.6,43.25,43.3,19.58,-6.390977443609017,-1.7936999361147627,-0.7511425622880381,-1.587301587301565
35,7.8,42,43.0,43.0,43.375,43.2,19.2,0.0,-3.921568627450995,-0.8823529411764639,-1.960784313725505
36,7.97,42,42.0,42.8,43.25,43.0,19.14,5.882352941176407,-0.9803921568627914,0.2941176470587834,-5.882352941176473
37,8.14,44,42.666666666666664,43.0,43.25,43.3,19.01,2.9411764705882035,2.941176470588246,0.8823529411764639,3.921568627450948
38,8.31,43,43.0,42.6,43.0,43.3,18.56,-3.0252100840336027,1.9078742608154613,-0.2698412698412511,1.960784313725505
39,8.49,43,43.333333333333336,42.8,43.0,43.2,17.86,-2.842170943040401e-14,-0.10893246187367822,-0.8748832866480143,1.8518518518518678
40,8.66,43,43.0,43.0,43.0,43.0,17.34,-2.6984126984126817,-1.907874260815447,-0.8748832866480001,-1.960784313725505
41,8.84,42,42.666666666666664,43.0,42.625,42.9,17.09,-2.8528528528528483,-1.8044360149623344,-0.5413308044887088,-1.8518518518518678
42,9.03,42,42.333333333333336,42.6,42.625,42.8,16.7,-2.842170943040401e-14,-1.8633184267859235,-1.1799105607155411,-1.7543859649122604
43,9.2,42,42.0,42.4,42.625,42.5,16.9,2.4853801169590355,-0.20639834881322372,-0.6828345373236999,-1.960784313725505
44,9.39,43,42.333333333333336,42.4,42.75,42.6,16.64,2.4060150375939315,1.9329573934836901,0.579887218045144,1.7543859649122813
45,9.55,43,42.666666666666664,42.4,42.625,42.7,16.13,5.704099821746894,3.925282234105751,1.1775846702317239,2.083333333333302
46,9.72,45,43.666666666666664,43.0,42.875,43.0,16.06,-2.941176470588246,1.9607843137254974,0.2941176470588118,5.882352941176473
47,9.89,42,43.333333333333336,43.0,42.75,42.8,16.06,-2.941176470588232,0.0,-0.29411764705882604,-1.9607843137254632
48,10.06,44,43.666666666666664,43.4,42.875,42.9,15.36,2.941176470588246,-0.9803921568627487,0.29411764705882604,1.9607843137254632
49,10.23,43,43.0,43.4,43.0,42.9,15.1,0.0,0.0,0.29411764705882604,-3.9215686274509682
50,10.4,44,43.666666666666664,43.6,43.25,43.0,15.36,2.941176470588246,1.9607843137254832,0.8823529411764781,3.9215686274509682
51,10.57,44,43.666666666666664,43.4,43.5,43.2,15.36,-2.941176470588246,0.0,0.8823529411764639,0.0
52,10.74,43,43.666666666666664,43.6,43.5,43.3,15.42,-11.764705882352956,-3.9215686274509665,-0.29411764705882604,0.0
53,10.91,40,42.333333333333336,42.8,43.125,43.1,15.36,2.941176470588246,-3.9215686274509665,-0.2941176470588118,-7.8431372549019365
54,11.08,44,42.333333333333336,43.0,43.0,43.2,15.23,11.408199643493788,1.073232323232304,0.6071746880570004,0.0
55,11.24,44,42.666666666666664,43.0,43.25,43.3,15.04,-2.852049910873461,3.925282234105751,-0.24844028520500672,2.083333333333302
56,11.41,43,43.666666666666664,42.8,43.125,43.1,14.4,-0.32679738562090677,3.025210084033617,-0.06535947712417567,5.882352941176473
57,11.59,44,43.666666666666664,43.0,43.25,43.3,13.12,-0.6944444444444287,-1.1029411764705799,0.19199346405230244,0.0
58,11.75,43,43.333333333333336,43.6,43.125,43.2,12.22,-0.3676470588235219,-0.12254901960784537,-0.036764705882333715,-2.083333333333302
59,11.92,44,43.666666666666664,43.6,43.125,43.3,12.74,0.0,0.0,0.0,1.9607843137254632
60,12.09,43,43.333333333333336,43.4,43.125,43.2,12.48,0.0,0.0,-0.2941176470588118,-1.9607843137254632
61,12.26,44,43.666666666666664,43.6,43.625,43.2,12.29,-8.82352941176471,-2.941176470588232,-0.8823529411764781,1.9607843137254632
62,12.43,40,42.333333333333336,42.8,43.125,42.9,11.84,-2.941176470588246,-3.9215686274509665,0.0,-7.8431372549019365
63,12.6,43,42.333333333333336,42.8,43.0,43.2,11.14,8.82352941176471,-0.9803921568627629,0.5882352941176521,0.0
64,12.77,43,42.0,42.6,43.0,43.1,11.07,0.0,1.9607843137254832,-0.5882352941176521,-1.960784313725505
65,12.94,43,43.0,42.6,42.875,43.0,11.14,-2.941176470588246,1.9607843137254974,-0.5882352941176521,5.882352941176473
66,13.11,42,42.666666666666664,42.2,42.75,42.9,11.26,-5.882352941176478,-2.941176470588246,-1.17647058823529,-1.960784313725505
67,13.28,41,42.0,42.4,42.375,42.6,11.2,0.0,-2.941176470588246,-1.17647058823529,-3.9215686274509682
68,13.45,42,41.666666666666664,42.2,42.25,42.5,11.39,5.882352941176478,0.0,-0.5882352941176663,-1.960784313725505
69,13.62,43,42.0,42.2,42.125,42.4,11.78,2.941176470588246,2.941176470588246,-0.29411764705884025,1.960784313725505
70,13.79,43,42.666666666666664,42.2,42.5,42.4,11.97,-2.9411764705881893,1.9607843137254974,-0.5882352941176521,3.9215686274509682
71,13.96,42,42.666666666666664,42.2,42.375,42.2,11.78,0.3676470588236498,0.0,0.39549910873444105,0.0
72,14.12,43,42.666666666666664,42.6,42.375,42.5,11.65,3.21969696969704,1.4210854715202004e-14,0.9659090909091219,0.0
73,14.29,43,42.666666666666664,42.8,42.375,42.5,11.71,0.0,0.9803921568627345,-1.4210854715202004e-14,0.0
74,14.46,43,43.0,42.8,42.5,42.5,11.65,-5.882352941176492,-0.9803921568627487,-0.5882352941176521,1.9607843137254846
75,14.63,41,42.333333333333336,42.4,42.5,42.3,11.46,-2.941176470588246,-2.941176470588246,-0.5882352941176663,-3.9215686274509682
76,14.8,42,42.0,42.4,42.5,42.3,11.2,5.882352941176478,-0.9803921568627629,0.5882352941176663,-1.960784313725505
77,14.97,43,42.0,42.4,42.5,42.5,11.2,2.941176470588246,1.9607843137254974,0.8823529411764923,0.0
78,15.14,43,42.666666666666664,42.4,42.5,42.6,11.2,2.842170943040401e-14,2.9162776221599955,0.30252100840336027,3.9215686274509682
79,15.32,43,43.0,42.4,42.625,42.6,11.07,-3.025210084033631,-0.1089324618736498,-0.30252100840334606,1.8518518518518678
80,15.49,42,42.666666666666664,42.6,42.5,42.5,11.14,2.941176470588246,0.0,0.29411764705882604,-1.960784313725505
81,15.66,44,43.0,43.0,42.625,42.7,11.07,2.941176470588246,0.9803921568627487,0.5882352941176521,1.960784313725505
82,15.83,43,43.0,43.0,42.625,42.7,11.07,-9.29144385026737,-1.0732323232323324,-0.6439393939393767,0.0
83,15.99,41,42.666666666666664,42.6,42.625,42.5,11.07,-3.5873440285204765,-2.974598930481278,-0.9291443850267456,-2.0833333333333464
84,16.16,42,42.0,42.4,42.625,42.4,11.33,-2.94117647058836,-4.901960784313772,-0.5882352941176521,-3.9215686274509682
85,16.33,40,41.0,42.0,42.25,42.3,11.39,-14.705882352941131,-6.862745098039213,-1.7647058823529136,-5.882352941176535
86,16.5,37,39.666666666666664,40.6,41.5,41.8,11.33,-11.764705882352814,-9.80392156862736,-3.5294117647058414,-7.843137254901896
87,16.67,36,37.666666666666664,39.2,40.625,41.1,11.33,-2.941176470588161,-9.803921568627402,-4.117647058823536,-11.764705882352823
88,16.84,36,36.333333333333336,38.2,39.875,40.4,11.33,-3.2196969696969404,-5.949197860962613,-4.572192513369004,-7.843137254902018
89,17.0,35,35.666666666666664,36.8,38.75,39.6,11.33,-3.2196969696969973,-3.0971479500891377,-4.572192513368975,-4.166666666666693
90,17.17,35,35.333333333333336,35.8,37.75,38.9,11.33,0.0,-1.9607843137254832,-4.705882352941202,-1.9607843137254426
91,17.34,35,35.0,35.4,37.0,38.0,11.2,-5.88235294117635,-2.9411764705882177,-5.588235294117638,-1.9607843137255254
92,17.51,33,34.333333333333336,34.8,35.875,37.0,11.14,-5.882352941176336,-3.9215686274509807,-5.294117647058798,-3.921568627450927
93,17.68,33,33.666666666666664,34.2,35.0,36.2,11.14,3.2196969696969546,-2.9745989304812923,-4.857397504456358,-3.921568627451051
94,17.84,34,33.333333333333336,34.0,34.625,35.4,11.2,-2.4844028520498256,-2.023915626856791,-4.85739750445633,-2.083333333333302
95,18.01,32,33.0,33.4,34.125,34.6,11.2,-5.88235294117635,-1.9607843137254974,-3.8235294117646674,-1.9607843137254846
96,18.18,32,32.666666666666664,32.8,33.625,34.1,11.2,5.88235294117635,-0.9803921568627771,-2.0588235294117965,-1.9607843137255254
97,18.35,34,32.666666666666664,33.0,33.5,33.9,11.2,2.9411764705880614,0.9803921568627771,-1.470588235294116,0.0
98,18.52,33,33.0,33.0,33.25,33.6,11.2,-2.941176470588303,1.9607843137254974,-1.4705882352941302,1.9607843137255254
99,18.69,33,33.333333333333336,32.8,33.0,33.4,11.14,0.0,-0.12254901960785958,-1.2143493761140718,1.9607843137254846
100,18.85,33,33.0,33.0,33.0,33.2,11.07,5.704099821746965,0.8281342840166559,-0.6439393939393767,-2.0833333333333464
101,19.02,35,33.666666666666664,33.6,33.25,33.2,11.01,5.882352941176592,3.9215686274509807,0.5882352941176094,3.921568627451009
102,19.19,35,34.333333333333336,33.8,33.375,33.4,11.01,0.0,3.921568627450995,1.1764705882353041,3.921568627450969
103,19.36,35,35.0,34.2,33.75,33.6,10.94,-2.941176470588175,0.9803921568627914,0.5882352941176805,3.921568627451009
104,19.53,34,34.666666666666664,34.4,34.0,33.6,11.01,-2.941176470588175,-1.9607843137254832,0.5882352941176379,-1.9607843137254846
105,19.7,34,34.333333333333336,34.6,34.0,33.8,10.94,-2.941176470588175,-2.9411764705882177,0.8823529411764497,-1.9607843137254837
106,19.87,33,33.666666666666664,34.2,34.0,33.9,11.01,-2.941176470588161,-2.9411764705882177,-1.4210854715202004e-14,-3.921568627450969
107,20.04,33,33.333333333333336,33.8,34.0,33.8,11.01,2.6984126984126817,-1.0084033613445342,-0.03267973856209494,-1.9607843137254837
108,20.22,34,33.333333333333336,33.6,34.125,33.9,11.07,-0.32679738562086413,-1.4210854715202004e-14,0.26984126984127954,0.0
109,20.39,33,33.333333333333336,33.4,33.875,33.9,11.01,1.2789769243681803e-13,0.9803921568627629,0.29411764705884025,0.0
110,20.56,34,33.666666666666664,33.4,33.75,34.0,11.14,1.1368683772161603e-13,4.263256414560601e-14,-0.2941176470588118,1.9607843137254837
111,20.73,33,33.333333333333336,33.4,33.5,33.8,11.01,-2.941176470588161,-0.9803921568627061,-1.1764705882352757,-1.9607843137254426
112,20.9,33,33.333333333333336,33.4,33.375,33.6,10.43,-3.2196969696969404,-2.1464646464646364,-1.5363190730837744,0.0
113,21.06,32,32.666666666666664,33.0,33.125,33.3,9.54,2.484402852049797,-1.1957813428402062,-0.9659090909091077,-4.166666666666693
114,21.23,34,33.0,33.2,33.25,33.3,9.15,2.9411764705880614,0.9803921568627487,-0.2941176470588118,1.9607843137254846
115,21.4,33,33.0,33.0,33.25,33.2,9.02,-2.941176470588303,0.9803921568627203,-0.29411764705882604,0.0
116,21.57,33,33.333333333333336,33.0,33.125,33.2,9.15,2.941176470588303,0.9803921568627345,0.29411764705882604,1.9607843137254846
117,21.74,34,33.333333333333336,33.2,33.25,33.3,9.09,-2.9411764705880614,-0.9803921568627345,-0.2941176470588118,0.0
118,21.91,32,33.0,33.2,33.0,33.1,8.9,-2.484402852049797,-0.9506833036244728,-0.5704099821746524,-1.9607843137254846
119,22.07,33,33.0,33.0,33.0,33.1,8.9,-2.4844028520500387,-2.852049910873504,-0.8556149732620639,0.0
120,22.24,31,32.0,32.6,32.75,32.8,9.22,-2.5579538487363607e-13,-1.9607843137255685,-0.8823529411764923,-5.882352941176535
121,22.41,33,32.333333333333336,32.6,32.875,32.8,9.41,2.9411764705880614,-4.263256414560601e-14,-0.29411764705882604,1.9607843137254846
122,22.58,32,32.0,32.2,32.625,32.7,9.54,-2.941176470588303,-4.263256414560601e-14,-0.29411764705882604,-1.9607843137255254
123,22.75,32,32.333333333333336,32.2,32.5,32.7,9.79,0.0,0.0,-0.5882352941176521,1.9607843137254846
124,22.92,32,32.0,32.0,32.375,32.5,10.18,-2.941176470588303,-1.9607843137254974,-1.1764705882353041,-1.9607843137254846
125,23.09,31,31.666666666666668,32.0,32.0,32.3,10.37,0.36764705882346504,-0.950683303624487,-0.8923796791443692,-1.9607843137255045
126,23.25,32,31.666666666666668,31.8,32.0,32.2,10.88,3.219696969696969,-1.4210854715202004e-14,-0.8923796791443692,0.0
127,23.42,32,31.666666666666668,31.8,31.875,32.0,11.46,2.941176470588303,1.96078431372554,-0.2941176470587976,0.0
128,23.59,33,32.333333333333336,32.0,32.125,32.1,11.52,2.941176470588289,2.941176470588246,0.29411764705884025,3.92156862745103
129,23.76,33,32.666666666666664,32.2,32.125,32.1,11.46,1.4210854715202004e-14,1.9607843137254832,0.5882352941176379,1.9607843137254426
130,23.93,33,33.0,32.6,32.25,32.3,11.58,-1.4210854715202004e-14,0.9803921568627629,0.5882352941176379,1.9607843137255254
131,24.1,33,33.0,32.8,32.375,32.3,11.65,-2.941176470588289,-0.9803921568627629,0.0,0.0
132,24.27,32,32.666666666666664,32.8,32.375,32.3,11.46,-1.2789769243681803e-13,-0.9803921568627771,0.2941176470588118,-1.9607843137255254
133,24.44,33,32.666666666666664,32.8,32.625,32.4,11.26,6.071746880570387,1.0732323232323466,0.9291443850267598,0.0
134,24.6,34,33.0,33.0,32.875,32.6,10.3,3.2196969696969404,2.9745989304813065,1.4995543672014264,2.0833333333333464
135,24.77,34,33.666666666666664,33.2,33.125,32.9,10.3,-2.941176470588175,1.9607843137255117,1.1764705882353041,3.921568627451009
136,24.94,33,33.666666666666664,33.2,33.125,33.0,10.88,-2.941176470588161,-0.9803921568627487,0.5882352941176663,0.0
137,25.11,33,33.333333333333336,33.4,33.125,33.1,11.2,-2.9411764705881893,-2.941176470588232,0.0,-1.9607843137254837
138,25.28,32,32.666666666666664,33.2,33.0,33.0,13.76,2.9411764705884167,-0.9803921568626919,1.4210854715202004e-14,-3.921568627450969
139,25.45,34,33.0,33.2,33.125,33.1,14.4,-0.7352941176469159,-0.12254901960781694,-0.036764705882333715,1.9607843137255254
140,25.61,32,32.666666666666664,32.8,33.125,33.0,16.13,-3.587344028520576,-0.12254901960787379,-0.32196969696970257,-2.0833333333333464
141,25.78,33,33.0,32.8,33.125,33.0,17.73,8.823529411764781,1.9607843137255117,0.8823529411764923,1.9607843137254846
142,25.95,35,33.333333333333336,33.2,33.25,33.3,18.18,5.882352941176592,3.921568627450938,1.470588235294116,1.9607843137255254
143,26.12,35,34.333333333333336,33.8,33.375,33.5,18.37,0.0,4.901960784313701,0.8823529411764781,5.8823529411764115
144,26.29,35,35.0,34.0,33.625,33.6,18.62,5.88235294117635,3.9215686274509665,1.1764705882352757,3.921568627451009
145,26.46,37,35.666666666666664,35.0,34.125,33.9,18.88,-2.4158453015843406e-13,1.9607843137254406,1.470588235294116,3.921568627450927
146,26.63,35,35.666666666666664,35.4,34.5,34.1,19.39,-2.9411764705884167,0.9803921568627345,1.4705882352941018,0.0
147,26.8,36,36.0,35.6,34.75,34.4,20.1,8.823529411764781,1.9607843137255117,2.64705882352942,1.9607843137254846
148,26.97,38,36.333333333333336,36.2,35.5,35.0,19.58,-3.9549910873438563,0.9506833036245155,2.033199643493816,1.9607843137255254
149,27.13,35,36.333333333333336,36.2,35.75,35.1,18.94,-6.807040998217559,-1.4210854715202004e-14,1.4627896613190359,0.0
150,27.3,36,36.333333333333336,36.0,35.875,35.5,17.41,-1.1368683772161603e-13,-2.941176470588289,1.7647058823529278,0.0
151,27.47,35,35.333333333333336,36.0,35.875,35.7,16.19,-1.2789769243681803e-13,-1.9607843137255827,0.8823529411764781,-5.882352941176535
152,27.64,36,35.666666666666664,36.0,36.0,35.8,16.0,8.823529411764781,2.941176470588246,1.1764705882353041,1.9607843137254426
153,27.81,38,36.333333333333336,36.0,36.125,36.1,15.68,5.882352941176592,4.901960784313715,1.7647058823529278,3.921568627451051
154,27.98,38,37.333333333333336,36.6,36.5,36.4,15.81,-3.219696969696969,3.9252822341057225,0.8556149732620355,5.8823529411764115
155,28.14,37,37.666666666666664,36.8,36.625,36.4,17.54,-3.2196969696969546,0.12254901960781694,0.5704099821747093,2.083333333333302
156,28.31,37,37.333333333333336,37.2,36.5,36.6,18.94,-2.941176470588175,-2.9411764705882177,0.5882352941176805,-1.9607843137254837
157,28.48,36,36.666666666666664,37.2,36.625,36.6,19.2,2.941176470588431,-0.9803921568626919,0.0,-3.921568627450969
158,28.65,38,37.0,37.2,36.875,36.6,19.07,5.704099821746993,2.0239156268568195,0.9659090909090793,1.9607843137255254
159,28.81,38,37.333333333333336,37.2,37.25,36.9,18.94,-1.4210854715202004e-14,2.9745989304812497,1.5363190730837601,2.0833333333333464
160,28.98,38,38.0,37.4,37.5,37.1,18.75,-8.823529411764895,-0.9803921568628624,0.5882352941176521,3.921568627450927
161,29.15,35,37.0,37.0,37.125,37.1,18.94,-2.9411764705885446,-3.9215686274510375,0.2941176470588118,-5.882352941176535
162,29.32,37,36.666666666666664,37.2,37.0,37.2,19.46,8.923796791443777,-0.9506833036244728,0.28520499108735464,-1.9607843137254846
163,29.48,38,36.666666666666664,37.2,37.125,37.2,19.71,-2.4844028520500387,0.950683303624487,-0.5704099821747093,0.0
164,29.65,36,37.0,36.8,37.0,37.0,19.9,-2.5579538487363607e-13,1.9607843137254974,-0.29411764705884025,1.9607843137255254
165,29.82,38,37.333333333333336,36.8,37.25,37.1,20.03,5.88235294117635,0.9803921568627345,0.5882352941176521,1.9607843137254846
166,29.99,38,37.333333333333336,37.4,37.25,37.2,20.03,1.4210854715202004e-14,2.1464646464646364,0.9291443850267314,0.0
167,30.15,38,38.0,37.6,37.25,37.4,20.1,-2.8520499108734043,1.1957813428401494,0.3587344028520363,4.166666666666648
168,30.32,37,37.666666666666664,37.4,37.125,37.3,20.03,2.941176470588431,4.263256414560601e-14,1.4210854715202004e-14,-1.9607843137254846
169,30.49,39,38.0,38.0,37.625,37.4,20.03,-2.9411764705879335,-0.9803921568626635,-0.2941176470587834,1.9607843137255254
170,30.66,36,37.333333333333336,37.6,37.5,37.2,19.97,-5.882352941176222,-1.9607843137254406,2.842170943040401e-14,-3.921568627450927
171,30.83,37,37.333333333333336,37.4,37.375,37.4,20.03,8.823529411764639,0.0,1.1764705882353041,0.0
172,31.0,39,37.333333333333336,37.6,37.75,37.6,20.03,8.923796791443806,4.292929292929301,1.214349376114086,0.0
173,31.16,40,38.666666666666664,38.2,38.0,37.8,20.03,0.36764705882346504,6.194295900178261,1.4995543672014406,8.333333333333297
174,31.33,39,39.333333333333336,38.2,38.125,38.1,20.03,-2.941176470588303,1.96078431372554,1.1764705882353184,3.921568627451051
175,31.5,39,39.333333333333336,38.8,38.25,38.2,20.16,0.0,-0.9803921568627487,0.5882352941176237,0.0
176,31.67,39,39.0,39.2,38.5,38.3,20.1,-3.2196969696970967,-2.0239156268568337,0.285204991087312,-1.9607843137254846
177,31.83,38,38.666666666666664,39.0,38.375,38.3,20.16,-6.071746880570444,-2.9745989304812497,0.0,-2.0833333333333925
178,32.0,37,38.0,38.4,38.5,38.3,20.29,2.9411764705882035,-1.960784313725469,0.0,-3.921568627450927
179,32.17,39,38.0,38.4,38.75,38.3,20.42,8.82352941176461,1.960784313725469,1.1764705882353041,0.0
180,32.34,40,38.666666666666664,38.6,38.875,38.7,20.54,2.9411764705881467,4.901960784313815,2.0588235294117823,3.921568627450927
181,32.51,40,39.666666666666664,38.8,38.875,39.0,20.54,0.0,3.9215686274511086,1.1764705882353184,5.8823529411766575
182,32.68,40,40.0,39.2,39.0,39.1,20.54,-5.882352941176407,-0.9803921568627203,-0.29411764705882604,1.9607843137254846
183,32.85,38,39.333333333333336,39.4,38.875,38.9,20.48,-2.4844028520496693,-2.974598930481278,-0.5704099821746951,-3.921568627450927
184,33.01,39,39.0,39.4,38.875,38.9,20.54,6.071746880570458,-1.0732323232323608,0.28520499108735464,-2.0833333333333925
185,33.18,40,39.0,39.4,39.125,39.0,20.42,0.0,0.9803921568627487,0.29411764705882604,0.0
186,33.35,39,39.333333333333336,39.2,39.375,39.0,20.29,-5.882352941176407,0.0,0.0,1.9607843137254846
187,33.52,38,39.0,38.8,39.25,39.0,20.42,-2.9411764705881325,-2.941176470588303,0.29411764705884025,-1.9607843137254846
188,33.69,38,38.333333333333336,38.8,39.0,39.1,20.48,1.4210854715202004e-14,-2.974598930481335,-0.03676470588230529,-3.9215686274510912
189,33.85,38,38.0,38.6,38.75,39.0,20.35,2.8520499108734327,-0.12254901960781694,-0.6071746880570288,-2.0833333333333
190,34.02,39,38.333333333333336,38.4,38.625,38.9,20.29,-2.4158453015843406e-13,0.9803921568627345,-0.8823529411764781,1.9607843137254846
191,34.19,38,38.333333333333336,38.2,38.625,38.7,20.42,-2.5579538487363607e-13,0.9803921568626919,-0.8823529411764923,0.0
192,34.36,39,38.666666666666664,38.4,38.625,38.6,20.54,0.0,0.0,-0.29411764705882604,1.9607843137254426
193,34.53,38,38.333333333333336,38.4,38.375,38.6,20.42,0.36764705882370663,0.12254901960790221,0.0,-1.9607843137254426
194,34.69,39,38.666666666666664,38.6,38.375,38.6,20.48,3.2196969696970967,1.0732323232323608,-0.28520499108734043,2.083333333333348
195,34.86,39,38.666666666666664,38.6,38.5,38.5,20.42,-5.882352941176407,-0.9803921568627345,-0.8823529411764781,0.0
196,35.03,37,38.333333333333336,38.4,38.375,38.3,20.48,0.0,-0.9803921568627345,-0.29411764705882604,-1.9607843137254426
197,35.2,39,38.333333333333336,38.4,38.5,38.4,20.61,5.704099821746723,-1.4210854715202004e-14,0.607174688057043,0.0
198,35.36,39,38.333333333333336,38.6,38.5,38.5,20.48,1.4210854715202004e-14,1.9013666072489173,0.6071746880570714,0.0
199,35.53,39,39.0,38.6,38.625,38.6,20.42,5.882352941176407,3.921568627450938,0.8823529411764497,3.921568627450927
200,35.7,41,39.666666666666664,39.0,38.875,38.8,20.42,-4.831690603168681e-13,1.9607843137254264,0.8823529411764781,3.921568627450927
201,35.87,39,39.666666666666664,39.4,39.0,38.9,20.35,-2.4844028520504082,1.0732323232322756,0.6071746880570714,0.0
202,36.03,40,40.0,39.6,39.125,39.0,20.48,-2.484402852049996,-1.778817587641143,0.32196969696968836,2.0833333333333
203,36.2,38,39.0,39.4,39.0,39.0,20.48,2.9411764705888856,-0.980392156862564,0.5882352941176947,-5.8823529411764115
204,36.37,41,39.666666666666664,39.8,39.5,39.2,20.67,8.823529411765165,2.941176470588303,1.17647058823529,3.9215686274510912
205,36.54,41,40.0,39.8,39.75,39.4,20.42,-5.882352941176407,1.9607843137254832,1.1764705882352757,1.9607843137254846
206,36.71,39,40.333333333333336,39.8,39.75,39.6,20.54,-5.882352941176407,-0.9803921568627345,0.5882352941176521,1.9607843137254846
207,36.88,39,39.666666666666664,39.6,39.75,39.6,20.35,-3.2196969696970967,-5.121063576946,-0.321969696969731,-3.921568627450969
208,37.04,38,38.666666666666664,39.6,39.375,39.5,20.54,2.484402852049655,-2.2690136660726097,-0.036764705882347926,-6.250000000000133
209,37.21,40,39.0,39.4,39.5,39.6,20.48,0.0,0.0,-0.5882352941176521,1.9607843137254846
210,37.38,38,38.666666666666664,38.8,39.25,39.3,20.61,5.882352941177288,2.9411764705884735,8.526512829121202e-14,-1.9607843137254846
211,37.55,42,40.0,39.4,39.75,39.6,20.67,5.882352941177274,3.921568627451194,0.8823529411765207,7.843137254902224
212,37.72,40,40.0,39.6,39.625,39.6,20.61,-2.484402852049982,3.2196969696968836,0.9659090909090509,0.0
213,37.88,41,41.0,40.2,39.625,39.9,20.48,3.2196969696967983,2.2690136660722544,0.9659090909090224,6.249999999999856
214,38.05,41,40.666666666666664,40.4,39.875,39.9,20.48,-5.882352941176293,-1.9607843137254974,-0.5882352941176237,-1.9607843137255665
215,38.22,39,40.333333333333336,40.6,39.875,39.7,20.48,-5.882352941176407,-2.9411764705882035,-0.5882352941176237,-1.9607843137254426
216,38.39,39,39.666666666666664,40.0,40.0,39.7,20.48,-1.4210854715202004e-14,-4.047831253713639,-1.4210854715202004e-14,-3.921568627450969
217,38.55,39,39.0,39.8,39.875,39.7,20.48,5.704099821746752,-0.24509803921580442,0.8556149732620071,-4.166666666666741
218,38.72,41,39.666666666666664,39.8,40.25,40.0,20.48,-2.9411764705882035,0.9803921568627487,0.2941176470587976,3.921568627450927
219,38.89,38,39.333333333333336,39.2,39.75,39.8,20.42,-8.556149732620128,-2.0239156268568195,-0.5704099821747093,-1.9607843137254426
220,39.05,38,39.0,39.0,39.5,39.8,20.48,8.556149732620113,-1.0732323232323608,-0.2852049910872836,-2.0833333333333925
221,39.22,41,39.0,39.4,39.5,39.7,20.48,8.82352941176461,2.9411764705882035,0.0,0.0
222,39.39,41,40.0,39.8,39.5,39.8,20.42,-5.882352941176407,3.9215686274509522,-0.29411764705882604,5.8823529411764115
223,39.56,39,40.333333333333336,39.4,39.5,39.6,20.42,3.954991087344524,2.023915626856791,-0.24844028520494987,1.9607843137254846
224,39.72,42,40.666666666666664,40.2,39.875,39.7,20.48,3.9549910873445384,0.12254901960790221,0.607174688057043,2.083333333333348
225,39.89,40,40.333333333333336,40.6,40.0,39.8,20.48,-2.9411764705882177,0.9803921568627345,0.8823529411764497,-1.9607843137254426
226,40.06,41,41.0,40.6,40.0,40.0,20.48,2.9411764705881467,0.980392156862635,1.1764705882353326,3.921568627450927
227,40.23,41,40.666666666666664,40.6,40.375,40.2,20.61,2.9411764705881325,0.9803921568626492,0.8823529411764923,-1.9607843137255665
228,40.4,42,41.333333333333336,41.2,40.875,40.3,20.67,-5.882352941176407,0.0,0.5882352941176237,3.921568627450969
229,40.57,39,40.666666666666664,40.6,40.625,40.4,20.67,-5.336452762923045,-2.974598930481278,0.929144385026774,-3.921568627450969
230,40.73,40,40.333333333333336,40.6,40.5,40.6,20.67,8.923796791443834,-1.0732323232323324,0.929144385026774,-2.083333333333348
231,40.9,42,40.333333333333336,40.8,40.875,40.7,20.67,0.0,0.9803921568627203,0.0,0.0
232,41.07,40,40.666666666666664,40.6,40.625,40.6,20.61,-8.823529411764625,0.0,-0.29411764705882604,1.9607843137254426
233,41.24,39,40.333333333333336,40.0,40.5,40.6,20.54,0.36764705882370663,-3.0971479500891803,-0.6439393939394336,-1.9607843137254426
234,41.4,40,39.666666666666664,40.2,40.375,40.4,20.48,3.2196969696970967,-2.146464646464736,-0.6439393939394193,-4.166666666666785
235,41.57,40,39.666666666666664,40.2,40.25,40.4,20.48,0.0,0.9803921568627345,-0.2941176470588118,0.0
236,41.74,40,40.0,39.8,40.0,40.3,20.48,0.0,0.9803921568627203,-0.5882352941176237,1.9607843137254846
237,41.91,40,40.0,39.8,40.125,40.2,20.42,2.9411764705881467,0.9803921568627203,-0.5882352941176379,0.0
238,42.08,41,40.333333333333336,40.2,40.25,40.1,20.42,0.0,0.9803921568627487,0.0,1.9607843137254846
239,42.25,40,40.333333333333336,40.2,40.0,40.2,20.42,-2.9411764705882035,0.0,0.29411764705882604,0.0
240,42.42,40,40.333333333333336,40.2,40.0,40.2,20.42,8.823529411764625,1.9607843137254548,0.2941176470588118,0.0
241,42.59,43,41.0,40.8,40.5,40.3,20.48,-1.1029411764711767,1.9013666072488888,0.285204991087312,3.921568627450927
242,42.75,40,41.0,40.8,40.5,40.3,20.48,-7.312091503268306,0.8714596949890563,0.5228758169934338,0.0
243,42.93,41,41.333333333333336,40.8,40.625,40.5,20.48,-0.3267973856208357,-2.1257391845626614,0.5396825396825449,1.8518518518518678
244,43.1,40,40.333333333333336,40.8,40.625,40.5,20.48,-5.882352941176407,-3.9215686274509522,-0.29411764705882604,-5.8823529411764115
245,43.27,39,40.0,40.6,40.5,40.4,20.48,2.94117647058863,-0.9803921568627203,2.842170943040401e-14,-1.9607843137254846
246,43.44,41,40.0,40.2,40.5,40.5,20.54,8.823529411764909,1.9607843137254122,0.8823529411764781,0.0
247,43.61,42,40.666666666666664,40.6,40.75,40.7,20.61,-2.9411764705882035,2.9411764705882035,0.29411764705882604,3.921568627450927
248,43.78,40,41.0,40.4,40.75,40.6,20.54,-2.4844028520496693,0.9506833036244302,0.03676470588237635,1.9607843137254846
249,43.94,41,41.0,40.6,40.5,40.7,20.54,3.219696969697111,-0.9506833036244444,0.607174688057043,0.0
250,44.11,41,40.666666666666664,41.0,40.625,40.8,20.61,0.0,0.0,-0.29411764705882604,-1.9607843137254846
251,44.28,41,41.0,41.0,40.625,40.6,20.67,-2.9411764705882035,0.0,-0.5882352941176379,1.9607843137254846
252,44.45,40,40.666666666666664,40.6,40.625,40.6,20.74,2.941176470588644,7.105427357601002e-14,0.29411764705885446,-1.9607843137254846
253,44.62,42,41.0,41.0,41.0,40.7,20.74,5.8823529411767765,1.9607843137255117,0.8823529411764497,1.9607843137255665
254,44.79,42,41.333333333333336,41.2,41.125,40.9,20.74,-2.9411764705882177,1.960784313725469,1.1764705882352757,1.9607843137254846
255,44.96,41,41.666666666666664,41.2,41.0,41.1,20.74,-2.9411764705882177,0.0,0.5882352941176521,1.9607843137254426
256,45.13,41,41.333333333333336,41.2,41.125,41.1,20.67,-3.219696969697111,-3.0971479500892087,-0.6439393939394336,-1.9607843137254426
257,45.29,40,40.666666666666664,41.2,41.0,40.9,20.67,-3.2196969696970683,-3.0971479500891803,-0.6439393939393909,-4.166666666666785
258,45.46,40,40.333333333333336,40.8,40.875,40.9,20.54,0.0,-1.960784313725469,-0.2941176470588118,-1.9607843137254426
259,45.63,40,40.0,40.4,40.75,40.8,20.54,0.0,-0.9803921568627203,-0.5882352941176379,-1.9607843137254846
260,45.8,40,40.0,40.2,40.75,40.7,20.54,0.0,0.0,-0.6071746880570288,0.0
261,45.96,40,40.0,40.0,40.5,40.6,20.61,2.8520499108734327,0.950683303624487,-0.036764705882333715,0.0
262,46.13,41,40.333333333333336,40.2,40.375,40.7,20.74,5.882352941176549,2.941176470588303,0.29411764705882604,1.9607843137254846
263,46.3,42,41.0,40.6,40.5,40.7,20.67,-5.882352941176038,0.9803921568628482,-0.8823529411764639,3.9215686274510912
264,46.47,39,40.666666666666664,40.4,40.25,40.4,20.74,-2.116755793226531,-0.950683303624487,-0.8556149732620497,-1.9607843137254846
265,46.63,41,40.666666666666664,40.6,40.375,40.4,20.8,9.291443850267214,-2.842170943040401e-14,0.28520499108735464,0.0
266,46.8,42,40.666666666666664,41.0,40.625,40.5,20.93,2.5579538487363607e-13,1.9607843137254406,0.5882352941176521,0.0
267,46.97,41,41.333333333333336,41.0,40.75,40.6,20.8,-2.9411764705882177,1.9607843137254832,0.5882352941176521,3.921568627450969
268,47.14,41,41.333333333333336,40.8,40.875,40.7,20.74,-3.219696969697111,-2.14646464646475,0.28520499108734043,0.0
269,47.3,40,40.666666666666664,41.0,40.875,40.7,20.67,2.4844028520496693,-1.195781342840263,0.5704099821746667,-4.166666666666785
270,47.47,42,41.0,41.2,41.0,40.9,20.54,-2.9411764705882035,-0.9803921568627203,0.2941176470588118,1.9607843137254846
271,47.64,39,40.333333333333336,40.6,40.625,40.8,20.48,-5.882352941176421,-1.9607843137254548,-0.5882352941176237,-3.921568627450927
272,47.81,40,40.333333333333336,40.4,40.75,40.7,20.54,2.8520499108733475,-2.14646464646475,-0.929144385026774,0.0
273,47.97,40,39.666666666666664,40.2,40.625,40.5,20.54,-2.8520499108733475,-2.146464646464736,-0.6439393939394193,-4.166666666666785
274,48.14,39,39.666666666666664,40.0,40.25,40.5,20.61,0.0,0.0,-0.29411764705882604,0.0
275,48.31,40,39.666666666666664,39.6,40.125,40.4,20.74,2.9411764705881467,0.0,-0.8823529411764781,0.0
276,48.48,40,39.666666666666664,39.8,40.0,40.2,20.8,6.439393939393625,3.2196969696968267,-0.24844028520504935,0.0
277,48.64,42,40.666666666666664,40.2,40.25,40.3,20.74,0.7352941176468875,3.2196969696968694,0.036764705882347926,6.249999999999856
278,48.81,40,40.666666666666664,40.2,40.0,40.2,20.61,-5.882352941176279,1.4210854715202004e-14,-0.2941176470587976,0.0
279,48.98,40,40.666666666666664,40.4,40.125,40.2,20.48,0.0,-1.9607843137254264,-0.5882352941176379,0.0
280,49.15,40,40.0,40.4,40.125,40.0,20.54,0.0,-1.960784313725469,-0.29411764705882604,-3.921568627450927
281,49.32,40,40.0,40.4,40.125,40.1,20.61,9.659090909091248,3.219696969697054,1.2511140819964623,0.0
282,49.48,43,41.0,40.6,40.625,40.4,20.67,1.1029411764711767,3.219696969697111,0.9659090909091361,6.250000000000133
283,49.65,40,41.0,40.6,40.625,40.4,20.86,0.0,2.9411764705882177,1.17647058823529,0.0
284,49.82,43,42.0,41.2,41.0,40.8,20.86,0.0,0.0,1.17647058823529,5.8823529411764115
285,49.99,40,41.0,41.2,40.75,40.8,20.8,-14.995543672014293,-4.998514557338098,-0.6439393939394051,-5.8823529411764115
286,50.15,38,40.333333333333336,40.8,40.5,40.6,20.67,-3.587344028520789,-5.949197860962514,-1.4995543672014264,-4.166666666666741
287,50.32,39,39.0,40.0,40.375,40.3,20.67,2.9411764705882035,-4.901960784313687,-1.1764705882352757,-7.843137254901896
288,50.49,39,38.666666666666664,39.8,40.25,40.2,20.67,0.0,8.526512829121202e-14,-0.5882352941176521,-1.9607843137254846
289,50.66,39,39.0,39.0,40.125,40.1,20.74,-2.9411764705881467,8.526512829121202e-14,-0.8823529411764923,1.9607843137255665
290,50.83,38,38.666666666666664,38.6,39.5,39.9,20.86,5.882352941176407,0.9803921568627487,-0.29411764705882604,-1.9607843137254846
291,51.0,41,39.333333333333336,39.2,39.625,40.0,20.93,8.82352941176461,3.921568627450938,-0.29411764705882604,3.921568627450969
292,51.17,41,40.0,39.6,39.375,39.8,20.99,0.0,4.901960784313658,-0.29411764705882604,3.921568627450927
293,51.34,41,41.0,40.0,39.5,39.9,20.99,-2.9411764705883883,1.9607843137253553,-0.5882352941176805,5.8823529411764115
294,51.51,40,40.666666666666664,40.2,39.75,39.6,20.99,-2.4158453015843406e-13,-0.9803921568628056,-0.5882352941176947,-1.9607843137255665
295,51.68,41,40.666666666666664,40.8,40.0,39.7,20.99,5.72362278244627,0.8994708994709271,1.38188608776845,0.0
296,51.86,42,41.0,41.0,40.375,40.1,20.93,-0.3267973856208499,1.907874260815447,1.6844070961717819,1.8518518518518678
297,52.03,41,41.333333333333336,41.0,40.625,40.3,20.99,-2.8520499108734043,0.9506833036244586,1.214349376114086,1.9607843137254846
298,52.19,41,41.333333333333336,41.0,41.0,40.5,20.99,-2.6143790849673394,-1.742919389978212,0.923202614379079,0.0
299,52.37,40,40.666666666666664,41.0,40.875,40.6,21.06,4.003267973855941,-0.6399782135076748,1.584967320261427,-3.7037037037037357
300,52.53,42,41.0,41.2,41.0,41.0,21.06,6.439393939393753,2.023915626856791,1.5730837789660939,2.0833333333333
301,52.7,42,41.333333333333336,41.2,41.125,41.1,20.99,-5.8823529411767765,0.9803921568627203,-2.842170943040401e-14,1.9607843137254846
302,52.87,40,41.333333333333336,41.0,41.125,41.0,20.86,-5.882352941176791,-1.9607843137254548,-0.5882352941176805,0.0
303,53.04,40,40.666666666666664,40.8,41.0,40.9,20.8,0.0,-3.9215686274509522,-0.29411764705882604,-3.921568627450969
304,53.21,40,40.0,40.8,40.75,40.9,20.86,2.9411764705882035,-0.9803921568627203,0.0,-3.921568627450927
305,53.38,41,40.333333333333336,40.6,40.75,40.9,20.86,2.8520499108733475,2.023915626856791,-0.3219696969697168,1.9607843137254846
306,53.54,41,40.666666666666664,40.4,40.75,40.8,20.8,-2.8520499108733475,1.0732323232323466,-0.6071746880570288,2.083333333333348
307,53.71,40,40.666666666666664,40.4,40.75,40.7,20.74,0.0,0.0,-0.2941176470588118,0.0
308,53.88,41,40.666666666666664,40.6,40.625,40.7,20.67,-2.4158453015843406e-13,-0.9803921568627771,0.0,0.0
309,54.05,40,40.333333333333336,40.6,40.375,40.7,20.61,-2.9411764705883883,-0.9803921568627914,-0.5882352941176379,-1.9607843137255245
310,54.22,40,40.333333333333336,40.4,40.375,40.5,20.61,0.0,-0.9803921568627487,-1.17647058823529,0.0
311,54.39,40,40.0,40.2,40.375,40.3,20.61,-5.882352941176407,-2.9411764705882035,-1.1764705882352757,-1.9607843137254846
312,54.56,38,39.333333333333336,39.8,40.125,40.1,20.61,-8.923796791443834,-5.121063576945986,-1.5363190730838312,-3.921568627450927
313,54.72,37,38.333333333333336,39.0,39.625,39.8,20.61,8.188502673796393,-2.269013666072624,-0.6807040998217815,-6.250000000000133
314,54.89,41,38.666666666666664,39.2,39.625,39.9,20.61,8.82352941176461,2.9411764705882177,0.0,1.9607843137254426
315,55.06,40,39.333333333333336,39.2,39.625,39.8,20.67,-5.882352941176535,3.9215686274510233,-0.8823529411764781,3.921568627450969
316,55.23,39,40.0,39.0,39.375,39.6,20.67,-2.9411764705883883,1.5631940186722204e-13,-0.8823529411764923,3.9215686274510912
317,55.4,39,39.333333333333336,39.2,39.25,39.5,20.67,0.0,-2.9745989304812355,-0.9291443850267314,-3.921568627450927
318,55.56,39,39.0,39.6,39.125,39.3,20.74,5.7040998217472065,0.8281342840167838,-0.35873440285202207,-2.0833333333333
319,55.73,41,39.666666666666664,39.6,39.25,39.4,20.74,5.8823529411767765,3.9215686274510233,0.5882352941176663,3.9215686274510912
320,55.9,41,40.333333333333336,39.8,39.625,39.5,20.74,-5.882352941176407,1.9607843137254832,0.0,3.921568627450969
321,56.07,39,40.333333333333336,39.8,39.875,39.4,20.74,-11.764705882352823,0.0,-0.5882352941176495,0.0
