4,-0.051103
4.0167,-0.086005
4.0333,-0.061042
4.05,-0.055777
4.0667,-0.013535
4.0833,-0.0095526
4.1,0.013239
4.1167,0.028029
4.1333,0.021901
4.15,0.010699
4.1667,-0.0038684
4.1833,-0.0022557
4.2,-0.02876
4.2167,-0.034604
4.2333,-0.034064
4.25,-0.019033
4.2667,-0.020107
4.2833,-0.002254
4.3,0.01052
4.3167,0.063454
4.3333,0.068293
4.35,0.074207
4.3667,0.091168
4.3833,0.14436
4.4,0.14408
4.4167,0.12939
4.4333,0.17099
4.45,0.15707
4.4667,0.19542
4.4833,0.20321
4.5,0.20261
4.5167,0.22961
4.5333,0.19985
4.55,0.23598
4.5667,0.27232
4.5833,0.29322
4.6,0.48387
4.6167,0.74853
4.6333,1.0897
4.65,1.3826
4.6667,1.755
4.6833,2.1443
4.7,2.5103
4.7167,2.9317
4.7333,3.3492
4.75,3.6267
4.7667,3.8456
4.7833,3.9731
4.8,4.259
4.8167,4.3771
4.8333,4.5618
4.85,4.667
4.8667,4.7685
4.8833,4.8196
4.9,4.8882
4.9167,4.8777
4.9333,4.886
4.95,4.841
4.9667,4.8479
4.9833,4.8419
5,4.8508
5.0167,4.8947
5.0333,4.8809
5.05,4.9291
5.0667,4.9282
5.0833,5.0292
5.1,5.0211
5.1167,5.0846
5.1333,5.0638
5.15,5.137
5.1667,5.1633
5.1833,5.2315
5.2,5.2602
5.2167,5.3622
5.2333,5.3394
5.25,5.4473
5.2667,5.4761
5.2833,5.5386
5.3,5.5762
5.3167,5.6183
5.3333,5.6784
5.35,5.7489
5.3667,5.7821
5.3833,5.852
5.4,5.8739
5.4167,5.9088
5.4333,5.9509
5.45,5.9655
5.4667,5.9666
5.4833,6.0055
5.5,5.9923
5.5167,6.0169
5.5333,6.02
5.55,6.0203
5.5667,6.0087
5.5833,5.9917
5.6,5.9968
5.6167,6.0022
5.6333,5.9745
5.65,5.991
5.6667,5.9451
5.6833,5.9638
5.7,5.9604
5.7167,5.9862
5.7333,5.9991
5.75,6.0043
5.7667,6.0317
5.7833,6.052
5.8,6.0442
5.8167,6.1107
5.8333,6.1116
5.85,6.162
5.8667,6.1666
5.8833,6.1982
5.9,6.2143
5.9167,6.217
5.9333,6.2358
5.95,6.2775
5.9667,6.2716
5.9833,6.2844
6,6.2699
6.0167,6.2735
6.0333,6.2821
6.05,6.2876
6.0667,6.3099
6.0833,6.2972
6.1,6.3036
6.1167,6.2968
6.1333,6.308
6.15,6.3193
6.1667,6.3588
6.1833,6.4237
6.2,6.43
6.2167,6.4415
6.2333,6.474
6.25,6.496
6.2667,6.5404
6.2833,6.5861
6.3,6.6194
6.3167,6.6468
6.3333,6.6091
6.35,6.6556
6.3667,6.6677
6.3833,6.7054
6.4,6.7478
6.4167,6.7635
6.4333,6.7816
6.45,6.7902
6.4667,6.8076
6.4833,6.851
6.5,6.8645
6.5167,6.8912
6.5333,6.8934
6.55,6.8929
6.5667,6.9146
6.5833,6.9382
6.6,6.9746
6.6167,7.0171
6.6333,7.0259
6.65,7.063
6.6667,7.1024
6.6833,7.1392
6.7,7.1783
6.7167,7.1845
6.7333,7.2308
6.75,7.2428
6.7667,7.271
6.7833,7.265
6.8,7.289
6.8167,7.2873
6.8333,7.3083
6.85,7.3228
6.8667,7.366
6.8833,7.3709
6.9,7.3982
6.9167,7.4018
6.9333,7.436
6.95,7.463
6.9667,7.5038
6.9833,7.5542
7,7.5797
7.0167,7.577
7.0333,7.6071
7.05,7.6197
7.0667,7.661
7.0833,7.6864
7.1,7.6908
7.1167,7.6736
7.1333,7.6486
7.15,7.6614
7.1666,7.6755
7.1833,7.6628
7.2,7.6337
7.2166,7.5957
7.2333,7.5964
7.25,7.5947
7.2667,7.6091
7.2833,7.5775
7.3,7.5905
7.3166,7.5964
7.3333,7.6278
7.35,7.6657
7.3666,7.6993
7.3833,7.6938
7.4,7.6833
7.4166,7.7013
7.4333,7.7508
7.45,7.769
7.4666,7.7721
7.4833,7.7713
7.5,7.7856
7.5167,7.7793
7.5333,7.8074
7.55,7.8372
7.5666,7.8673
7.5833,7.8708
7.6,7.8502
7.6166,7.893
7.6333,7.8704
7.65,7.9035
7.6666,7.9204
7.6833,7.9875
7.7,8.0068
7.7166,7.993
7.7333,8.031
7.75,8.0103
7.7667,8.058
7.7833,8.0998
7.8,8.1649
7.8166,8.1887
7.8333,8.1942
7.85,8.1936
7.8666,8.2511
7.8833,8.2618
7.9,8.3206
7.9166,8.3234
7.9333,8.31
7.95,8.2857
7.9666,8.2973
7.9833,8.3085
8,8.339
8.0166,8.3295
8.0333,8.3722
8.05,8.3912
8.0666,8.3985
8.0833,8.4466
8.1,8.4707
8.1166,8.4774
8.1333,8.4597
8.15,8.4747
8.1667,8.4836
8.1833,8.4879
8.2,8.4817
8.2166,8.5112
8.2333,8.5269
8.25,8.5061
8.2666,8.5244
8.2833,8.5324
8.3,8.585
8.3166,8.5787
8.3333,8.5863
8.35,8.6304
8.3666,8.6204
8.3833,8.628
8.4,8.638
8.4167,8.6644
8.4333,8.6896
8.45,8.7012
8.4666,8.7347
8.4833,8.7322
8.5,8.749
8.5166,8.7739
8.5333,8.8023
8.55,8.8324
8.5666,8.8513
8.5833,8.8384
8.6,8.8392
8.6166,8.856
8.6333,8.8868
8.65,8.8649
8.6667,8.8611
8.6833,8.8621
8.7,8.8887
8.7166,8.9083
8.7333,8.9285
8.75,8.9325
8.7666,8.9238
8.7833,8.9261
8.8,8.9773
8.8166,9.0096
8.8333,9.014
8.85,8.97
8.8666,8.9376
8.8833,8.9471
8.9,8.925
8.9167,8.9602
8.9333,8.9333
8.95,8.9101
8.9666,8.8643
8.9833,8.8869
9,8.9209
9.0166,8.9393
9.0333,8.9561
9.05,8.9912
9.0666,9.0404
9.0833,9.0623
9.1,9.0913
9.1166,9.1522
9.1333,9.1476
9.15,9.1723
9.1667,9.1789
9.1833,9.1912
9.2,9.1764
9.2166,9.1514
9.2333,9.1937
9.25,9.2243
9.2666,9.1851
9.2833,9.2124
9.3,9.1992
9.3166,9.2398
9.3333,9.2623
9.35,9.2918
9.3666,9.3038
9.3833,9.2982
9.4,9.3006
9.4167,9.35
9.4333,9.3586
9.45,9.4152
9.4666,9.4155
9.4833,9.4481
9.5,9.4375
9.5166,9.4362
9.5333,9.4416
9.55,9.4318
9.5666,9.416
9.5833,9.4138
9.6,9.4069
9.6166,9.4123
9.6333,9.4036
9.65,9.4188
9.6667,9.4289
9.6833,9.4351
9.7,9.4495
9.7166,9.445
9.7333,9.3727
9.75,9.3166
9.7666,9.2373
9.7833,9.1799
9.8,9.1382
9.8166,9.0831
9.8333,9.0362
9.85,8.956
9.8666,8.9232
9.8833,8.9313
9.9,8.923
9.9167,8.9269
9.9333,8.9108
9.95,8.9275
9.9666,8.9074
9.9833,8.9231
10,8.919
10.017,8.9277
10.033,8.9345
10.05,8.9559
10.067,8.9715
10.083,9.0003
10.1,8.9917
10.117,9.0077
10.133,9.0083
10.15,9.028
10.167,9.0461
10.183,9.0508
10.2,9.0539
10.217,9.0826
10.233,9.0751
10.25,9.0711
10.267,9.0628
10.283,9.075
10.3,9.0703
10.317,9.0868
10.333,9.0999
10.35,9.1064
10.367,9.086
10.383,9.0917
10.4,9.1309
10.417,9.1691
10.433,9.2007
10.45,9.227
10.467,9.2238
10.483,9.2383
10.5,9.2325
10.517,9.2791
10.533,9.2785
10.55,9.2727
10.567,9.2694
10.583,9.2456
10.6,9.2599
10.617,9.2714
10.633,9.2849
10.65,9.3346
10.667,9.3348
10.683,9.3443
10.7,9.3618
10.717,9.3825
10.733,9.3976
10.75,9.4096
10.767,9.3959
10.783,9.4456
10.8,9.4084
10.817,9.4188
10.833,9.45
10.85,9.4919
10.867,9.5017
10.883,9.5284
10.9,9.5636
10.917,9.5811
10.933,9.6093
10.95,9.6384
10.967,9.6509
10.983,9.6366
11,9.6137
11.017,9.6199
11.033,9.6037
11.05,9.615
11.067,9.635
11.083,9.5934
11.1,9.6111
11.117,9.6172
11.133,9.6657
11.15,9.6492
11.167,9.6096
11.183,9.5533
11.2,9.4915
11.217,9.4326
11.233,9.3959
11.25,9.3229
11.267,9.2701
11.283,9.2047
11.3,9.1728
11.317,9.1655
11.333,9.1791
11.35,9.1793
11.367,9.1936
11.383,9.1839
11.4,9.217
11.417,9.2171
11.433,9.2325
11.45,9.2288
11.467,9.267
11.483,9.2834
11.5,9.2999
11.517,9.3159
11.533,9.3417
11.55,9.3309
11.567,9.3432
11.583,9.336
11.6,9.3596
11.617,9.3626
11.633,9.36
11.65,9.3712
11.667,9.371
11.683,9.3629
11.7,9.3945
11.717,9.4021
11.733,9.4185
11.75,9.4084
11.767,9.4712
11.783,9.4903
11.8,9.4887
11.817,9.5087
11.833,9.5351
11.85,9.5168
11.867,9.5317
11.883,9.5445
11.9,9.5727
11.917,9.5084
11.933,9.5092
11.95,9.5108
11.967,9.5026
11.983,9.4978
12,9.5073
12.017,9.502
12.033,9.4777
12.05,9.4788
12.067,9.5079
12.083,9.5159
12.1,9.5278
12.117,9.5402
12.133,9.5265
12.15,9.5441
12.167,9.5769
12.183,9.5984
12.2,9.6137
12.217,9.5901
12.233,9.6235
12.25,9.6167
12.267,9.6454
12.283,9.6668
12.3,9.6859
12.317,9.6504
12.333,9.6605
12.35,9.7151
12.367,9.7269
12.383,9.7132
12.4,9.7249
12.417,9.7193
12.433,9.7232
12.45,9.7116
12.467,9.7542
12.483,9.7475
12.5,9.7688
12.517,9.7787
12.533,9.8093
12.55,9.7999
12.567,9.8182
12.583,9.814
12.6,9.835
12.617,9.7938
12.633,9.8118
12.65,9.7809
12.667,9.7768
12.683,9.7685
12.7,9.7816
12.717,9.7702
12.733,9.8015
12.75,9.8015
12.767,9.8655
12.783,9.8735
12.8,9.8637
12.817,9.8886
12.833,9.9172
12.85,9.9333
12.867,9.9435
12.883,9.9314
12.9,9.9389
12.917,9.8994
12.933,9.9037
12.95,9.8837
12.967,9.8663
12.983,9.837
13,9.8457
13.017,9.8492
13.033,9.8498
13.05,9.8526
13.067,9.8588
13.083,9.8755
13.1,9.9059
13.117,9.9153
13.133,9.9368
13.15,9.9263
13.167,9.9313
13.183,9.9467
13.2,9.9572
13.217,9.9774
13.233,9.9657
13.25,9.9734
13.267,9.9985
13.283,10.003
13.3,10.016
13.317,10.05
13.333,10.044
13.35,10.062
13.367,10.068
13.383,10.111
13.4,10.104
13.417,10.1
13.433,10.138
13.45,10.155
13.467,10.157
13.483,10.183
13.5,10.182
13.517,10.186
13.533,10.17
13.55,10.193
13.567,10.2
13.583,10.164
13.6,10.141
13.617,10.138
13.633,10.125
13.65,10.147
13.667,10.158
13.683,10.148
13.7,10.128
13.717,10.126
13.733,10.146
13.75,10.194
13.767,10.197
13.783,10.186
13.8,10.169
13.817,10.145
13.833,10.159
13.85,10.167
13.867,10.158
13.883,10.153
13.9,10.137
13.917,10.14
13.933,10.136
13.95,10.131
13.967,10.176
13.983,10.183
14,10.218
14.017,10.265
14.033,10.289
14.05,10.301
14.067,10.313
14.083,10.349
14.1,10.382
14.117,10.382
14.133,10.4
14.15,10.408
14.167,10.404
14.183,10.412
14.2,10.385
14.217,10.366
14.233,10.355
14.25,10.327
14.267,10.334
14.283,10.325
14.3,10.331
14.317,10.306
14.333,10.293
14.35,10.315
14.367,10.322
14.383,10.316
14.4,10.326
14.417,10.322
14.433,10.346
14.45,10.341
14.467,10.35
14.483,10.348
14.5,10.336
14.517,10.372
14.533,10.387
14.55,10.376
14.567,10.378
14.583,10.377
14.6,10.381
14.617,10.402
14.633,10.431
14.65,10.427
14.667,10.401
14.683,10.405
14.7,10.431
14.717,10.421
14.733,10.432
14.75,10.455
14.767,10.471
14.783,10.439
14.8,10.459
14.817,10.468
14.833,10.456
14.85,10.434
14.867,10.438
14.883,10.402
14.9,10.374
14.917,10.333
14.933,10.357
14.95,10.341
14.967,10.329
14.983,10.331
15,10.345
15.017,10.305
15.033,10.303
15.05,10.314
15.067,10.327
15.083,10.3
15.1,10.31
15.117,10.307
15.133,10.307
15.15,10.308
15.167,10.346
15.183,10.358
15.2,10.36
15.217,10.376
15.233,10.399
15.25,10.405
15.267,10.426
15.283,10.451
15.3,10.461
15.317,10.494
15.333,10.499
15.35,10.488
15.367,10.482
15.383,10.479
15.4,10.482
15.417,10.474
15.433,10.446
15.45,10.439
15.467,10.402
15.483,10.426
15.5,10.418
15.517,10.392
15.533,10.378
15.55,10.338
15.567,10.239
15.583,10.163
15.6,10.085
15.617,9.9755
15.633,9.8446
15.65,9.7504
15.667,9.6842
15.683,9.5915
15.7,9.5338
15.717,9.5546
15.733,9.5566
15.75,9.5453
15.767,9.5987
15.783,9.6111
15.8,9.5975
15.817,9.5965
15.833,9.62
15.85,9.6202
15.867,9.6279
15.883,9.6456
15.9,9.6724
15.917,9.646
15.933,9.6491
15.95,9.6696
15.967,9.6848
15.983,9.6957
16,9.7095
16.017,9.7036
16.033,9.7019
16.05,9.6984
16.067,9.7398
16.083,9.7603
16.1,9.7719
16.117,9.7797
16.133,9.7723
16.15,9.7833
16.167,9.7876
16.183,9.8141
16.2,9.8044
16.217,9.7885
16.233,9.7792
16.25,9.7735
16.267,9.7641
16.283,9.7668
16.3,9.7614
16.317,9.7789
16.333,9.7684
16.35,9.796
16.367,9.8073
16.383,9.8278
16.4,9.8355
16.417,9.8482
16.433,9.8675
16.45,9.8984
16.467,9.901
16.483,9.9211
16.5,9.9183
16.517,9.9269
16.533,9.9267
16.55,9.9437
16.567,9.9608
16.583,9.946
16.6,9.9512
16.617,9.9768
16.633,9.9903
16.65,9.9811
16.667,10.006
16.683,10.026
16.7,10.022
16.717,10.034
16.733,10.068
16.75,10.065
16.767,10.049
16.783,10.039
16.8,10.064
16.817,10.048
16.833,10.046
16.85,10.071
16.867,10.051
16.883,10.05
16.9,10.051
16.917,10.054
16.933,10.045
16.95,10.045
16.967,10.139
16.983,10.128
17,10.118
17.017,10.148
17.033,10.143
17.05,10.162
17.067,10.154
17.083,10.178
17.1,10.158
17.117,10.092
17.133,10.1
17.15,10.1
17.167,10.083
17.183,10.076
17.2,10.066
17.217,10.062
17.233,10.065
17.25,10.057
17.267,10.045
17.283,10.05
17.3,10.06
17.317,10.068
17.333,10.07
17.35,10.064
17.367,10.06
17.383,10.138
17.4,10.17
17.417,10.182
17.433,10.177
17.45,10.192
17.467,10.198
17.483,10.195
17.5,10.199
17.517,10.192
17.533,10.112
17.55,10.079
17.567,10.056
17.583,10.05
17.6,10.009
17.617,10.076
17.633,10.083
17.65,10.105
17.667,10.14
17.683,10.176
17.7,10.214
17.717,10.19
17.733,10.218
17.75,10.228
17.767,10.123
17.783,10.096
17.8,10.026
17.817,9.956
17.833,9.9071
17.85,9.8965
17.867,9.9103
17.883,9.9072
17.9,9.9398
17.917,10.019
17.933,10.084
17.95,10.145
17.967,10.248
17.983,10.304
18,10.402
18.017,10.511
18.033,10.591
18.05,10.686
18.067,10.758
18.083,10.85
18.1,10.959
18.117,11.086
18.133,11.219
18.15,11.323
18.167,11.456
18.183,11.576
18.2,11.726
18.217,11.892
18.233,12.075
18.25,12.312
18.267,12.475
18.283,12.702
18.3,12.869
18.317,13.036
18.333,13.241
18.35,13.415
18.367,13.638
18.383,13.79
18.4,13.991
18.417,14.13
18.433,14.246
18.45,14.391
18.467,14.569
18.483,14.752
18.5,14.883
18.517,14.999
18.533,15.085
18.55,15.151
18.567,15.245
18.583,15.347
18.6,15.506
18.617,15.578
18.633,15.682
18.65,15.74
18.667,15.831
18.683,15.921
18.7,16.005
18.717,16.143
18.733,16.28
18.75,16.353
18.767,16.445
18.783,16.556
18.8,16.642
18.817,16.701
18.833,16.809
18.85,16.888
18.867,16.973
18.883,17.017
18.9,17.076
18.917,17.114
18.933,17.161
18.95,17.264
18.967,17.322
18.983,17.348
19,17.344
19.017,17.367
19.033,17.381
19.05,17.437
19.067,17.484
19.083,17.48
19.1,17.474
19.117,17.542
19.133,17.621
19.15,17.676
19.167,17.7
19.183,17.74
19.2,17.707
19.217,17.761
19.233,17.77
19.25,17.813
19.267,17.775
19.283,17.781
19.3,17.809
19.317,17.812
19.333,17.831
19.35,17.891
19.367,17.908
19.383,17.917
19.4,17.947
19.417,17.95
19.433,17.981
19.45,17.978
19.467,18.031
19.483,18.061
19.5,18.074
19.517,18.047
19.533,18.057
19.55,18.046
19.567,18.102
19.583,18.078
19.6,18.109
19.617,18.074
19.633,18.044
19.65,17.987
19.667,18.021
19.683,18.018
19.7,18.031
19.717,17.98
19.733,18.001
19.75,17.972
19.767,18.034
19.783,18.036
19.8,18.138
19.817,18.139
19.833,18.202
19.85,18.203
19.867,18.275
19.883,18.278
19.9,18.359
19.917,18.332
19.933,18.395
19.95,18.366
19.967,18.399
19.983,18.368
20,18.409
20.017,18.407
20.033,18.448
20.05,18.424
20.067,18.458
20.083,18.449
20.1,18.487
20.117,18.516
20.133,18.557
20.15,18.577
20.167,18.592
20.183,18.615
20.2,18.641
20.217,18.673
20.233,18.683
20.25,18.689
20.267,18.68
20.283,18.706
20.3,18.713
20.317,18.708
20.333,18.672
20.35,18.666
20.367,18.616
20.383,18.612
20.4,18.577
20.417,18.542
20.433,18.493
20.45,18.5
20.467,18.495
20.483,18.513
20.5,18.529
20.517,18.559
20.533,18.577
20.55,18.572
20.567,18.614
20.583,18.627
20.6,18.624
20.617,18.664
20.633,18.714
20.65,18.721
20.667,18.779
20.683,18.803
20.7,18.876
20.717,18.897
20.733,18.962
20.75,18.972
20.767,19.033
20.783,19.013
20.8,19.092
20.817,19.038
20.833,19.09
20.85,19.045
20.867,19.078
20.883,19.007
20.9,18.987
20.917,18.916
20.933,18.893
20.95,18.829
20.967,18.822
20.983,18.761
21,18.757
21.017,18.721
21.033,18.741
21.05,18.771
21.067,18.752
21.083,18.784
21.1,18.756
21.117,18.769
21.133,18.752
21.15,18.8
21.167,18.796
21.183,18.819
21.2,18.811
21.217,18.828
21.233,18.813
21.25,18.813
21.267,18.822
21.283,18.817
21.3,18.789
21.317,18.771
21.333,18.733
21.35,18.716
21.367,18.688
21.383,18.67
21.4,18.671
21.417,18.637
21.433,18.657
21.45,18.637
21.467,18.659
21.483,18.684
21.5,18.703
21.517,18.717
21.533,18.729
21.55,18.742
21.567,18.79
21.583,18.795
21.6,18.845
21.617,18.839
21.633,18.861
21.65,18.839
21.667,18.854
21.683,18.925
21.7,19.052
21.717,19.161
21.733,19.259
21.75,19.345
21.767,19.448
21.783,19.527
21.8,19.643
21.817,19.716
21.833,19.752
21.85,19.722
21.867,19.696
21.883,19.686
21.9,19.655
21.917,19.63
21.933,19.619
21.95,19.593
21.967,19.596
21.983,19.588
22,19.582
22.017,19.585
22.033,19.585
22.05,19.593
22.067,19.596
22.083,19.606
22.1,19.593
22.117,19.604
22.133,19.575
22.15,19.554
22.167,19.524
22.183,19.497
22.2,19.465
22.217,19.445
22.233,19.42
22.25,19.415
22.267,19.385
22.283,19.397
22.3,19.393
22.317,19.388
22.333,19.382
22.35,19.38
22.367,19.35
22.383,19.33
22.4,19.311
22.417,19.3
22.433,19.284
22.45,19.289
22.467,19.29
22.483,19.296
22.5,19.299
22.517,19.308
22.533,19.319
22.55,19.313
22.567,19.311
22.583,19.276
22.6,19.269
22.617,19.233
22.633,19.23
22.65,19.224
22.667,19.222
22.683,19.195
22.7,19.205
22.717,19.162
22.733,19.18
22.75,19.163
22.767,19.189
22.783,19.186
22.8,19.182
22.817,19.188
22.833,19.203
22.85,19.19
22.867,19.216
22.883,19.2
22.9,19.195
22.917,19.191
22.933,19.177
22.95,19.194
22.967,19.194
22.983,19.214
23,19.217
23.017,19.218
23.033,19.219
23.05,19.24
23.067,19.226
23.083,19.213
23.1,19.171
23.117,19.163
23.133,19.095
23.15,19.101
23.167,19.079
23.183,19.097
23.2,19.06
23.217,19.049
23.233,19.038
23.25,19.025
23.267,19.011
23.283,19.031
23.3,19.016
23.317,19.009
23.333,19.005
23.35,19.012
23.367,19.042
23.383,19.037
23.4,19.06
23.417,19.064
23.433,19.077
23.45,19.063
23.467,19.084
23.483,19.06
23.5,19.095
23.517,19.086
23.533,19.09
23.55,19.089
23.567,19.081
23.583,19.058
23.6,19.07
23.617,19.05
23.633,19.069
23.65,19.025
23.667,18.996
23.683,18.985
23.7,18.97
23.717,18.968
23.733,18.975
23.75,18.979
23.767,19.001
23.783,18.992
23.8,18.992
23.817,19.012
23.833,19.024
23.85,19.046
23.867,19.038
23.883,19.053
23.9,19.023
23.917,19.013
23.933,19.004
23.95,18.998
23.967,18.992
23.983,18.955
24,18.924
24.017,18.903
24.033,18.835
24.05,18.809
24.067,18.77
24.083,18.728
24.1,18.702
24.117,18.647
24.133,18.664
24.15,18.628
24.167,18.631
24.183,18.671
24.2,18.707
24.217,18.722
24.233,18.767
24.25,18.813
24.267,18.884
24.283,18.934
24.3,18.989
24.317,19.019
24.333,19.044
24.35,19.045
24.367,19.089
24.383,19.06
24.4,19.052
24.417,18.965
24.433,18.911
24.45,18.911
24.467,18.868
24.483,18.824
24.5,18.8
24.517,18.754
24.533,18.745
24.55,18.726
24.567,18.766
24.583,18.787
24.6,18.748
24.617,18.768
24.633,18.781
24.65,18.803
24.667,18.814
24.683,18.871
24.7,18.87
24.717,18.893
24.733,18.879
24.75,18.924
24.767,18.938
24.783,18.98
24.8,18.967
24.817,19.013
24.833,18.97
24.85,18.988
24.867,18.977
24.883,18.981
24.9,18.955
24.917,18.931
24.933,18.892
24.95,18.888
24.967,18.833
24.983,18.823
25,18.787
25.017,18.766
25.033,18.761
25.05,18.766
25.067,18.778
25.083,18.789
25.1,18.804
25.117,18.831
25.133,18.883
25.15,18.931
25.167,18.992
25.183,19.01
25.2,19.04
25.217,19.048
25.233,19.076
25.25,19.066
25.267,19.076
25.283,19.033
25.3,19.01
25.317,18.964
25.333,18.983
25.35,18.95
25.367,18.987
25.383,18.986
25.4,19.019
25.417,19.031
25.433,19.066
25.45,19.073
25.467,19.061
25.483,19.032
25.5,19.001
25.517,18.94
25.533,18.912
25.55,18.914
25.567,18.894
25.583,18.89
25.6,18.918
25.617,18.947
25.633,18.96
25.65,19.014
25.667,19.047
25.683,19.074
25.7,19.098
25.717,19.101
25.733,19.114
25.75,19.116
25.767,19.14
25.783,19.148
25.8,19.159
25.817,19.176
25.833,19.192
25.85,19.179
25.867,19.173
25.883,19.167
25.9,19.142
25.917,19.125
25.933,19.08
25.95,19.079
25.967,19.095
25.983,19.053
26,19.032
26.017,19.023
26.033,18.976
26.05,18.947
26.067,18.939
26.083,18.967
26.1,18.948
26.117,18.923
26.133,18.924
26.15,18.923
26.167,18.899
26.183,18.929
26.2,18.963
26.217,18.986
26.233,18.975
26.25,18.945
26.267,18.914
26.283,18.945
26.3,18.968
26.317,19.021
26.333,19.039
26.35,19.032
26.367,18.987
26.383,18.979
26.4,19.036
26.417,19.075
26.433,19.062
26.45,19.033
26.467,19.01
26.483,19.019
26.5,19.029
26.517,19.034
26.533,19.053
26.55,19.039
26.567,19.064
26.583,19.088
26.6,19.086
26.617,19.075
26.633,19.054
26.65,19.068
26.667,19.124
26.683,19.111
26.7,19.083
26.717,19.018
26.733,19.016
26.75,19.049
26.767,19.074
26.783,19.068
26.8,19.01
26.817,18.98
26.833,19.014
26.85,19.037
26.867,19.084
26.883,19.074
26.9,19.06
26.917,19.028
26.933,18.992
26.95,19.038
26.967,19.017
26.983,18.986
27,18.987
27.017,18.959
27.033,18.979
27.05,18.982
27.067,18.994
27.083,19.058
27.1,19.052
27.117,19.107
27.133,19.109
27.15,19.096
27.167,19.105
27.183,19.062
27.2,19.074
27.217,19.067
27.233,19.051
27.25,19.08
27.267,19.056
27.283,19.044
27.3,19.071
27.317,19.091
27.333,19.11
27.35,19.099
27.367,19.11
27.383,19.113
27.4,19.112
27.417,19.083
27.433,19.13
27.45,19.138
27.467,19.134
27.483,19.146
27.5,19.162
27.517,19.2
27.533,19.215
27.55,19.185
27.567,19.23
27.583,19.22
27.6,19.198
27.617,19.163
27.633,19.183
27.65,19.179
27.667,19.131
27.683,19.124
27.7,19.129
27.717,19.108
27.733,19.094
27.75,19.123
27.767,19.157
27.783,19.12
27.8,19.136
27.817,19.183
27.833,19.162
27.85,19.157
27.867,19.136
27.883,19.127
27.9,19.096
27.917,19.064
27.933,19.054
27.95,19.005
27.967,18.972
27.983,19.01
28,19.006
28.017,19.012
28.033,19.068
28.05,19.066
28.067,19.092
28.083,19.11
28.1,19.137
28.117,19.146
28.133,19.132
28.15,19.142
28.167,19.118
28.183,19.063
28.2,19.06
28.217,19.071
28.233,19.04
28.25,19.038
28.267,19.038
28.283,18.994
28.3,19.028
28.317,19.052
28.333,19.045
28.35,19.057
28.367,19.021
28.383,19.032
28.4,19.02
28.417,19.025
28.433,19.071
28.45,19.05
28.467,19.084
28.483,19.103
28.5,19.092
28.517,19.115
28.533,19.142
28.55,19.164
28.567,19.142
28.583,19.133
28.6,19.142
28.617,19.118
28.633,19.108
28.65,19.098
28.667,19.093
28.683,19.062
28.7,19.041
28.717,19.039
28.733,19.037
28.75,19.022
28.767,18.989
28.783,18.984
28.8,18.989
28.817,18.96
28.833,18.961
28.85,18.935
28.867,18.936
28.883,18.925
28.9,18.886
28.917,18.915
28.933,18.922
28.95,18.884
28.967,18.896
28.983,18.873
29,18.849
29.017,18.861
29.033,18.845
29.05,18.828
29.067,18.799
29.083,18.809
29.1,18.838
29.117,18.859
29.133,18.856
29.15,18.878
29.167,18.855
29.183,18.851
29.2,18.907
29.217,18.922
29.233,18.904
29.25,18.896
29.267,18.865
29.283,18.871
29.3,18.884
29.317,18.881
29.333,18.897
29.35,18.84
29.367,18.825
29.383,18.826
29.4,18.787
29.417,18.778
29.433,18.774
29.45,18.753
29.467,18.743
29.483,18.704
29.5,18.745
29.517,18.758
29.533,18.758
29.55,18.802
29.567,18.812
29.583,18.786
29.6,18.801
29.617,18.803
29.633,18.814
29.65,18.779
29.667,18.749
29.683,18.731
29.7,18.695
29.717,18.699
29.733,18.715
29.75,18.697
29.767,18.718
29.783,18.676
29.8,18.691
29.817,18.695
29.833,18.655
29.85,18.642
29.867,18.576
29.883,18.564
29.9,18.514
29.917,18.446
29.933,18.457
29.95,18.377
29.967,18.375
29.983,18.385
30,18.357
30.017,18.408
30.033,18.376
30.05,18.384
30.067,18.395
30.083,18.38
30.1,18.422
30.117,18.361
30.133,18.356
30.15,18.377
30.167,18.311
30.183,18.267
30.2,18.158
30.217,18.084
30.233,17.999
30.25,17.885
30.267,17.83
30.283,17.711
30.3,17.632
30.317,17.552
30.333,17.51
30.35,17.542
30.367,17.507
30.383,17.543
30.4,17.538
30.417,17.537
30.433,17.576
30.45,17.53
30.467,17.554
30.483,17.53
30.5,17.526
30.517,17.52
30.533,17.46
30.55,17.479
30.567,17.433
30.583,17.436
30.6,17.435
30.617,17.395
30.633,17.414
30.65,17.352
30.667,17.367
30.683,17.334
30.7,17.319
30.717,17.337
30.733,17.279
30.75,17.294
30.767,17.27
30.783,17.27
30.8,17.27
30.817,17.221
30.833,17.241
30.85,17.173
30.867,17.176
30.883,17.151
30.9,17.129
30.917,17.129
30.933,17.076
30.95,17.085
30.967,17.055
30.983,17.066
31,17.066
31.017,17.022
31.033,17.028
31.05,16.983
31.067,17.002
31.083,16.971
31.1,16.959
31.117,16.969
31.133,16.923
31.15,16.936
31.167,16.897
31.183,16.9
31.2,16.861
31.217,16.825
31.233,16.824
31.25,16.773
31.267,16.759
31.283,16.713
31.3,16.708
31.317,16.684
31.333,16.655
31.35,16.682
31.367,16.618
31.383,16.621
31.4,16.59
31.417,16.574
31.433,16.551
31.45,16.488
31.467,16.493
31.483,16.418
31.5,16.381
31.517,16.353
31.533,16.292
31.55,16.285
31.567,16.224
31.583,16.24
31.6,16.194
31.617,16.171
31.633,16.172
31.65,16.125
31.667,16.106
31.683,16.047
31.7,16.013
31.717,15.945
31.733,15.87
31.75,15.841
31.767,15.784
31.783,15.753
31.8,15.713
31.817,15.695
31.833,15.69
31.85,15.653
31.867,15.67
31.883,15.628
31.9,15.622
31.917,15.589
31.933,15.55
31.95,15.536
31.967,15.5
31.983,15.504
32,15.466
32.017,15.439
32.033,15.433
32.05,15.4
32.067,15.384
32.083,15.353
32.1,15.345
32.117,15.306
32.133,15.266
32.15,15.331
32.167,15.295
32.183,15.296
32.2,15.283
32.217,15.273
32.233,15.24
32.25,15.198
32.267,15.198
32.283,15.158
32.3,15.073
32.317,15.056
32.333,15.016
32.35,14.993
32.367,14.957
32.383,14.963
32.4,14.92
32.417,14.892
32.433,14.864
32.45,14.812
32.467,14.79
32.483,14.741
32.5,14.723
32.517,14.675
32.533,14.643
32.55,14.711
32.567,14.663
32.583,14.659
32.6,14.637
32.617,14.633
32.633,14.612
32.65,14.561
32.667,14.564
32.683,14.508
32.7,14.428
32.717,14.417
32.733,14.392
32.75,14.442
32.767,14.418
32.783,14.459
32.8,14.442
32.817,14.449
32.833,14.468
32.85,14.447
32.867,14.498
32.883,14.476
32.9,14.449
32.917,14.421
32.933,14.404
32.95,14.48
32.967,14.43
32.983,14.444
33,14.427
33.017,14.419
33.033,14.4
33.05,14.357
33.067,14.38
33.083,14.33
33.1,14.279
33.117,14.315
33.133,14.357
33.15,14.344
33.167,14.31
33.183,14.399
33.2,14.39
33.217,14.383
33.233,14.408
33.25,14.405
33.267,14.401
33.283,14.317
33.3,14.359
33.317,14.322
33.333,14.264
33.35,14.261
33.367,14.239
33.383,14.261
33.4,14.22
33.417,14.223
33.433,14.205
33.45,14.17
33.467,14.165
33.483,14.132
33.5,14.143
33.517,14.126
33.533,14.088
33.55,14.081
33.567,14.042
33.583,14.094
33.6,14.094
33.617,14.117
33.633,14.122
33.65,14.117
33.667,14.116
33.683,14.114
33.7,14.129
33.717,14.138
33.733,14.117
33.75,14.101
33.767,14.123
33.783,14.104
33.8,14.086
33.817,14.129
33.833,14.122
33.85,14.143
33.867,14.134
33.883,14.132
33.9,14.176
33.917,14.162
33.933,14.171
33.95,14.184
33.967,14.186
33.983,14.18
34,14.186
34.017,14.161
34.033,14.155
34.05,14.16
34.067,14.126
34.083,14.176
34.1,14.139
34.117,14.126
34.133,14.123
34.15,14.065
34.167,14.092
34.183,14.054
34.2,14.01
34.217,14.01
34.233,13.96
34.25,13.975
34.267,13.957
34.283,13.969
34.3,13.966
34.317,13.953
34.333,13.966
34.35,13.989
34.367,13.968
34.383,13.966
34.4,13.965
34.417,13.942
34.433,13.936
34.45,13.942
34.467,13.938
34.483,13.91
34.5,13.867
34.517,13.859
34.533,13.859
34.55,13.868
34.567,13.868
34.583,13.855
34.6,13.849
34.617,13.857
34.633,13.885
34.65,13.892
34.667,13.922
34.683,13.899
34.7,13.915
34.717,13.896
34.733,13.897
34.75,13.891
34.767,13.858
34.783,13.883
34.8,13.871
34.817,13.879
34.833,13.859
34.85,13.818
34.867,13.839
34.883,13.844
34.9,13.839
34.917,13.816
34.933,13.792
34.95,13.798
34.967,13.783
34.983,13.829
35,13.832
35.017,13.843
35.033,13.798
35.05,13.809
35.067,13.812
35.083,13.786
35.1,13.756
35.117,13.742
35.133,13.699
35.15,13.681
35.167,13.657
35.183,13.642
35.2,13.658
35.217,13.648
35.233,13.677
35.25,13.666
35.267,13.635
35.283,13.628
35.3,13.609
35.317,13.615
35.333,13.608
35.35,13.59
35.367,13.583
35.383,13.537
35.4,13.536
35.417,13.526
35.433,13.525
35.45,13.544
35.467,13.542
35.483,13.541
35.5,13.549
35.517,13.572
35.533,13.575
35.55,13.588
35.567,13.584
35.583,13.588
35.6,13.538
35.617,13.507
35.633,13.5
35.65,13.494
35.667,13.467
35.683,13.471
35.7,13.467
35.717,13.48
35.733,13.486
35.75,13.552
35.767,13.569
35.783,13.577
35.8,13.566
35.817,13.631
35.833,13.695
35.85,13.763
35.867,13.837
35.883,13.914
35.9,13.927
35.917,13.988
35.933,14.052
35.95,14.096
35.967,14.087
35.983,14.077
36,14.075
36.017,14.065
36.033,14.055
36.05,14.049
36.067,14.036
36.083,14.007
36.1,13.999
36.117,14.024
36.133,14.004
36.15,13.98
36.167,13.97
36.183,13.966
36.2,13.968
36.217,13.952
36.233,13.971
36.25,13.974
36.267,13.95
36.283,13.957
36.3,13.975
36.317,13.97
36.333,13.942
36.35,13.934
36.367,13.935
36.383,13.901
36.4,13.89
36.417,13.871
36.433,13.869
36.45,13.831
36.467,13.802
36.483,13.804
36.5,13.776
36.517,13.761
36.533,13.791
36.55,13.774
36.567,13.782
36.583,13.76
36.6,13.78
36.617,13.787
36.633,13.779
36.65,13.786
36.667,13.777
36.683,13.747
36.7,13.738
36.717,13.743
36.733,13.743
36.75,13.72
36.767,13.717
36.783,13.717
36.8,13.708
36.817,13.701
36.833,13.707
36.85,13.714
36.867,13.68
36.883,13.668
36.9,13.665
36.917,13.653
36.933,13.616
36.95,13.612
36.967,13.622
36.983,13.566
37,13.556
37.017,13.55
37.033,13.543
37.05,13.51
37.067,13.483
37.083,13.485
37.1,13.456
37.117,13.412
37.133,13.436
37.15,13.402
37.167,13.369
37.183,13.332
37.2,13.312
37.217,13.305
37.233,13.283
37.25,13.306
37.267,13.244
37.283,13.228
37.3,13.191
37.317,13.175
37.333,13.158
37.35,13.132
37.367,13.133
37.383,13.098
37.4,13.071
37.417,13.102
37.433,13.133
37.45,13.089
37.467,13.106
37.483,13.082
37.5,13.099
37.517,13.073
37.533,13.059
37.55,13.08
37.567,13.044
37.583,13.011
37.6,13.032
37.617,13.016
37.633,13.016
37.65,12.953
37.667,12.962
37.683,12.953
37.7,12.918
37.717,12.923
37.733,12.92
37.75,12.91
37.767,12.923
37.783,12.922
37.8,12.961
37.817,12.885
37.833,12.872
37.85,12.871
37.867,12.873
37.883,12.861
37.9,12.909
37.917,12.919
37.933,12.909
37.95,12.926
37.967,13.003
37.983,13.017
38,13.012
38.017,13.023
38.033,13.016
38.05,12.958
38.067,12.924
38.083,12.926
38.1,12.916
38.117,12.864
38.133,12.88
38.15,12.856
38.167,12.854
38.183,12.856
38.2,12.861
38.217,12.851
38.233,12.825
38.25,12.793
38.267,12.781
38.283,12.761
38.3,12.738
38.317,12.705
38.333,12.655
38.35,12.672
38.367,12.649
38.383,12.677
38.4,12.682
38.417,12.713
38.433,12.755
38.45,12.764
38.467,12.802
38.483,12.824
38.5,12.835
38.517,12.821
38.533,12.814
38.55,12.81
38.567,12.788
38.583,12.756
38.6,12.759
38.617,12.765
38.633,12.742
38.65,12.707
38.667,12.713
38.683,12.701
38.7,12.679
38.717,12.673
38.733,12.68
38.75,12.664
38.767,12.654
38.783,12.659
38.8,12.678
38.817,12.671
38.833,12.681
38.85,12.679
38.867,12.677
38.883,12.641
38.9,12.642
38.917,12.638
38.933,12.597
38.95,12.592
38.967,12.582
38.983,12.568
39,12.556
39.017,12.517
39.033,12.517
39.05,12.49
39.067,12.441
39.083,12.438
39.1,12.423
39.117,12.424
39.133,12.426
39.15,12.427
39.167,12.479
39.183,12.481
39.2,12.5
39.217,12.538
39.233,12.551
39.25,12.543
39.267,12.534
39.283,12.513
39.3,12.488
39.317,12.452
39.333,12.411
39.35,12.372
39.367,12.362
39.383,12.329
39.4,12.356
39.417,12.35
39.433,12.373
39.45,12.402
39.467,12.407
39.483,12.454
39.5,12.472
39.517,12.463
39.533,12.482
39.55,12.419
39.567,12.419
39.583,12.407
39.6,12.402
39.617,12.382
39.633,12.385
39.65,12.374
39.667,12.367
39.683,12.374
39.7,12.416
39.717,12.432
39.733,12.431
39.75,12.454
39.767,12.471
39.783,12.472
39.8,12.506
39.817,12.525
39.833,12.551
39.85,12.553
39.867,12.535
39.883,12.569
39.9,12.554
39.917,12.549
39.933,12.533
39.95,12.51
39.967,12.494
39.983,12.515
40,12.508
40.017,12.5
40.033,12.442
40.05,12.41
40.067,12.401
40.083,12.371
40.1,12.378
40.117,12.385
40.133,12.353
40.15,12.368
40.167,12.403
40.183,12.427
40.2,12.416
40.217,12.42
40.233,12.423
40.25,12.417
40.267,12.379
40.283,12.359
40.3,12.356
40.317,12.285
40.333,12.257
40.35,12.268
40.367,12.253
40.383,12.223
40.4,12.218
40.417,12.237
40.433,12.264
40.45,12.23
40.467,12.266
40.483,12.277
40.5,12.278
40.517,12.335
40.533,12.336
40.55,12.364
40.567,12.369
40.583,12.381
40.6,12.396
40.617,12.455
40.633,12.463
40.65,12.496
40.667,12.463
40.683,12.512
40.7,12.493
40.717,12.488
40.733,12.464
40.75,12.508
40.767,12.435
40.783,12.453
40.8,12.429
40.817,12.418
40.833,12.391
40.85,12.414
40.867,12.415
40.883,12.416
40.9,12.378
40.917,12.406
40.933,12.395
40.95,12.39
40.967,12.413
40.983,12.452
41,12.431
41.017,12.429
41.033,12.404
41.05,12.412
41.067,12.373
41.083,12.369
41.1,12.336
41.117,12.268
41.133,12.192
41.15,12.12
41.167,12.056
41.183,11.926
41.2,11.831
41.217,11.774
41.233,11.691
41.25,11.619
41.267,11.521
41.283,11.503
41.3,11.42
41.317,11.34
41.333,11.326
41.35,11.179
41.367,11.144
41.383,10.984
41.4,10.939
41.417,10.876
41.433,10.705
41.45,10.686
41.467,10.505
41.483,10.447
41.5,10.389
41.517,10.237
41.533,10.234
41.55,10.072
41.567,10.028
41.583,9.9268
41.6,9.7236
41.617,9.6958
41.633,9.5661
41.65,9.4751
41.667,9.4205
41.683,9.2627
41.7,9.2197
41.717,9.0968
41.733,8.9736
41.75,8.9603
41.767,8.7838
41.783,8.7143
41.8,8.6345
41.817,8.4626
41.833,8.3893
41.85,8.2354
41.867,8.046
41.883,8.0034
41.9,7.8441
41.917,7.7689
41.933,7.662
41.95,7.5255
41.967,7.4295
41.983,7.2651
42,7.0888
42.017,7.0096
42.033,6.8166
42.05,6.6295
42.067,6.5383
42.083,6.3407
42.1,6.1516
42.117,6.0369
42.133,5.9057
42.15,5.8071
42.167,5.6911
42.183,5.6534
42.2,5.5049
42.217,5.4283
42.233,5.3858
42.25,5.3513
42.267,5.2943
42.283,5.2496
42.3,5.2402
42.317,5.2153
42.333,5.0466
42.35,5.1074
42.367,5.0265
42.383,4.8633
42.4,4.744
42.417,4.6615
42.433,4.5397
42.45,4.4185
42.467,4.3336
42.483,4.2637
42.5,4.1551
42.517,4.0668
42.533,4.0364
42.55,4.0143
42.567,3.9172
42.583,3.8358
42.6,3.6876
42.617,3.4997
42.633,3.3999
42.65,3.2356
42.667,3.0981
42.683,2.7769
42.7,2.3975
42.717,2.0145
42.733,1.6797
42.75,1.3894
42.767,1.0897
42.783,0.84266
42.8,0.62574
42.817,0.36862
42.833,0.34141
42.85,0.31844
42.867,0.30899
42.883,0.29723
42.9,0.33909
42.917,0.37134
42.933,0.37124
42.95,0.34218
42.967,0.32913
42.983,0.26972
43,0.27338
43.017,0.2713
43.033,0.28924
43.05,0.23433
43.067,0.20997
43.083,0.19366
43.1,0.20899
43.117,0.19856
43.133,0.19784
43.15,0.18907
43.167,0.20617
43.183,0.15824
43.2,0.19198
43.217,0.20605
43.233,0.18993
43.25,0.14459
43.267,0.12721
43.283,0.15634
43.3,0.16593
43.317,0.15392
43.333,0.24159
43.35,0.22231
43.367,0.24337
43.383,0.27784
43.4,0.28292
43.417,0.2932
43.433,0.28381
43.45,0.27335
43.467,0.25911
43.483,0.1726
43.5,0.12535
43.517,0.036263
43.533,-0.088598
43.55,-0.13887
43.567,-0.21971
43.583,-0.26973
43.6,-0.32631
43.617,-0.39439
43.633,-0.41717
43.65,-0.44939
43.667,-0.45067
43.683,-0.43037
43.7,-0.43891
43.717,-0.42787
43.733,-0.42622
43.75,-0.42001
43.767,-0.41275
43.783,-0.41729
43.8,-0.37986
43.817,-0.39373
43.833,-0.39096
43.85,-0.37328
43.867,-0.29553
43.883,-0.28096
43.9,-0.28332
43.917,-0.28003
43.933,-0.28615
43.95,-0.29533
43.967,-0.29372
43.983,-0.29175
44,-0.27629
44.017,-0.32863
44.033,-0.34455
44.05,-0.33762
44.067,-0.31691
44.083,-0.33337
44.1,-0.29675
44.117,-0.28065
44.133,-0.26209
44.15,-0.26415
44.167,-0.28357
44.183,-0.28758
44.2,-0.30132
44.217,-0.28325
44.233,-0.20153
44.25,-0.21041
44.267,-0.19771
44.283,-0.19398
44.3,-0.17118
44.317,-0.1207
44.333,-0.076033
44.35,-0.03172
44.367,-0.017365
44.383,-0.006572
44.4,-0.0023032
44.417,0.045016
44.433,0.074897
44.45,0.1038
44.467,0.10272
44.483,0.096377
44.5,0.10307
44.517,0.13499
44.533,0.11025
44.55,0.18483
44.567,0.18257
44.583,0.18359
44.6,0.15415
44.617,0.19928
44.633,0.24562
44.65,0.29011
44.666,0.27089
44.683,0.29157
44.7,0.21019
44.717,0.21753
44.733,0.22459
44.75,0.25629
44.767,0.19475
44.783,0.16458
44.8,0.11429
44.816,0.13388
44.833,0.15689
44.85,0.20814
44.867,0.22217
44.883,0.21424
44.9,0.19883
44.916,0.21936
44.933,0.22954
44.95,0.25583
44.967,0.27852
44.983,0.25053
45,0.2817
45.017,0.27166
45.033,0.28061
45.05,0.28514
45.066,0.27861
45.083,0.25119
45.1,0.25036
45.117,0.20366
45.133,0.21466
45.15,0.1866
45.166,0.16784
45.183,0.1786
45.2,0.18151
45.217,0.21797
45.233,0.23392
45.25,0.21377
45.267,0.22901
45.283,0.21894
45.3,0.19657
45.316,0.18521
45.333,0.16189
45.35,0.1823
45.367,0.15875
45.383,0.14784
45.4,0.15063
45.416,0.12961
45.433,0.1241
45.45,0.12012
45.467,0.1106
45.483,0.11433
45.5,0.07395
45.517,0.057448
45.533,0.043695
45.55,0.025472
45.566,0.0080965
45.583,-0.010319
45.6,-0.014446
45.617,-0.014025
45.633,-0.027872
45.65,-0.034812
45.666,-0.032582
45.683,-0.03215
45.7,-0.028965
45.717,-0.027111
45.733,-0.030019
45.75,-0.041809
45.767,-0.050913
45.783,-0.055329
45.8,-0.056301
45.816,-0.065041
45.833,-0.06912
45.85,-0.0712
45.867,-0.069375
45.883,-0.067273
45.9,-0.06472
45.916,-0.057813
45.933,-0.054971
45.95,-0.05399
45.967,-0.049905
45.983,-0.047554
46,-0.045691
46.017,-0.048693
